"Step","robust-puddle-9 - psnr","robust-puddle-9 - psnr__MIN","robust-puddle-9 - psnr__MAX"
"0","14.243840217590332","14.243840217590332","14.243840217590332"
"1","33.61675262451172","33.61675262451172","33.61675262451172"
"2","33.654754638671875","33.654754638671875","33.654754638671875"
"3","33.674156188964844","33.674156188964844","33.674156188964844"
"4","33.6927604675293","33.6927604675293","33.6927604675293"
"5","33.71867370605469","33.71867370605469","33.71867370605469"
"6","33.73123550415039","33.73123550415039","33.73123550415039"
"7","33.756717681884766","33.756717681884766","33.756717681884766"
"8","33.78327178955078","33.78327178955078","33.78327178955078"
"9","33.826168060302734","33.826168060302734","33.826168060302734"
"10","33.89111328125","33.89111328125","33.89111328125"
"11","33.939945220947266","33.939945220947266","33.939945220947266"
"12","33.98123550415039","33.98123550415039","33.98123550415039"
"13","34.026180267333984","34.026180267333984","34.026180267333984"
"14","34.0735969543457","34.0735969543457","34.0735969543457"
"15","34.11912155151367","34.11912155151367","34.11912155151367"
"16","34.162837982177734","34.162837982177734","34.162837982177734"
"17","34.20142364501953","34.20142364501953","34.20142364501953"
"18","34.2365608215332","34.2365608215332","34.2365608215332"
"19","34.2659912109375","34.2659912109375","34.2659912109375"
"20","34.294612884521484","34.294612884521484","34.294612884521484"
"21","34.31999588012695","34.31999588012695","34.31999588012695"
"22","34.34175109863281","34.34175109863281","34.34175109863281"
"23","34.36094284057617","34.36094284057617","34.36094284057617"
"24","34.38301086425781","34.38301086425781","34.38301086425781"
"25","34.4007453918457","34.4007453918457","34.4007453918457"
"26","34.41462326049805","34.41462326049805","34.41462326049805"
"27","34.43220901489258","34.43220901489258","34.43220901489258"
"28","34.446170806884766","34.446170806884766","34.446170806884766"
"29","34.460758209228516","34.460758209228516","34.460758209228516"
"30","34.47425079345703","34.47425079345703","34.47425079345703"
"31","34.483154296875","34.483154296875","34.483154296875"
"32","34.494384765625","34.494384765625","34.494384765625"
"33","34.50505828857422","34.50505828857422","34.50505828857422"
"34","34.51692581176758","34.51692581176758","34.51692581176758"
"35","34.52128982543945","34.52128982543945","34.52128982543945"
"36","34.533729553222656","34.533729553222656","34.533729553222656"
"37","34.54172134399414","34.54172134399414","34.54172134399414"
"38","34.548065185546875","34.548065185546875","34.548065185546875"
"39","34.557010650634766","34.557010650634766","34.557010650634766"
"40","34.55876922607422","34.55876922607422","34.55876922607422"
"41","34.57545471191406","34.57545471191406","34.57545471191406"
"42","34.582149505615234","34.582149505615234","34.582149505615234"
"43","34.58736801147461","34.58736801147461","34.58736801147461"
"44","34.59398651123047","34.59398651123047","34.59398651123047"
"45","34.60205841064453","34.60205841064453","34.60205841064453"
"46","34.60380935668945","34.60380935668945","34.60380935668945"
"47","34.613704681396484","34.613704681396484","34.613704681396484"
"48","34.617313385009766","34.617313385009766","34.617313385009766"
"49","34.620452880859375","34.620452880859375","34.620452880859375"
"51","30.845083236694336","30.845083236694336","30.845083236694336"
"52","34.67521286010742","34.67521286010742","34.67521286010742"
"53","34.728416442871094","34.728416442871094","34.728416442871094"
"54","34.791778564453125","34.791778564453125","34.791778564453125"
"55","34.80949020385742","34.80949020385742","34.80949020385742"
"56","34.83265686035156","34.83265686035156","34.83265686035156"
"57","34.824790954589844","34.824790954589844","34.824790954589844"
"58","34.820274353027344","34.820274353027344","34.820274353027344"
"59","34.849979400634766","34.849979400634766","34.849979400634766"
"60","34.840126037597656","34.840126037597656","34.840126037597656"
"61","34.810089111328125","34.810089111328125","34.810089111328125"
"62","34.85520553588867","34.85520553588867","34.85520553588867"
"63","34.85712432861328","34.85712432861328","34.85712432861328"
"64","34.84767150878906","34.84767150878906","34.84767150878906"
"65","34.84798812866211","34.84798812866211","34.84798812866211"
"66","34.85867691040039","34.85867691040039","34.85867691040039"
"67","34.87242126464844","34.87242126464844","34.87242126464844"
"68","34.86787033081055","34.86787033081055","34.86787033081055"
"69","34.87339782714844","34.87339782714844","34.87339782714844"
"70","34.87210464477539","34.87210464477539","34.87210464477539"
"71","34.876670837402344","34.876670837402344","34.876670837402344"
"72","34.88021469116211","34.88021469116211","34.88021469116211"
"73","34.880619049072266","34.880619049072266","34.880619049072266"
"74","34.87323760986328","34.87323760986328","34.87323760986328"
"75","34.87961196899414","34.87961196899414","34.87961196899414"
"76","34.89309310913086","34.89309310913086","34.89309310913086"
"77","34.89292526245117","34.89292526245117","34.89292526245117"
"78","34.874755859375","34.874755859375","34.874755859375"
"79","34.88771438598633","34.88771438598633","34.88771438598633"
"80","34.88828659057617","34.88828659057617","34.88828659057617"
"81","34.90185546875","34.90185546875","34.90185546875"
"82","34.90234375","34.90234375","34.90234375"
"83","34.896671295166016","34.896671295166016","34.896671295166016"
"84","34.913230895996094","34.913230895996094","34.913230895996094"
"85","34.891231536865234","34.891231536865234","34.891231536865234"
"86","34.91107177734375","34.91107177734375","34.91107177734375"
"87","34.89737319946289","34.89737319946289","34.89737319946289"
"88","34.90436553955078","34.90436553955078","34.90436553955078"
"89","34.90897750854492","34.90897750854492","34.90897750854492"
"90","34.902591705322266","34.902591705322266","34.902591705322266"
"91","34.88956069946289","34.88956069946289","34.88956069946289"
"92","34.89827346801758","34.89827346801758","34.89827346801758"
"93","34.903297424316406","34.903297424316406","34.903297424316406"
"94","34.90141296386719","34.90141296386719","34.90141296386719"
"95","34.90085983276367","34.90085983276367","34.90085983276367"
"96","34.90553283691406","34.90553283691406","34.90553283691406"
"97","34.908016204833984","34.908016204833984","34.908016204833984"
"98","34.907020568847656","34.907020568847656","34.907020568847656"
"99","34.91756820678711","34.91756820678711","34.91756820678711"
"100","34.90424728393555","34.90424728393555","34.90424728393555"
"102","30.398561477661133","30.398561477661133","30.398561477661133"
"103","34.60744857788086","34.60744857788086","34.60744857788086"
"104","34.678279876708984","34.678279876708984","34.678279876708984"
"105","34.72447204589844","34.72447204589844","34.72447204589844"
"106","34.7359619140625","34.7359619140625","34.7359619140625"
"107","34.75475311279297","34.75475311279297","34.75475311279297"
"108","34.752479553222656","34.752479553222656","34.752479553222656"
"109","34.77928161621094","34.77928161621094","34.77928161621094"
"110","34.79151153564453","34.79151153564453","34.79151153564453"
"111","34.79666519165039","34.79666519165039","34.79666519165039"
"112","34.78721237182617","34.78721237182617","34.78721237182617"
"113","34.79049301147461","34.79049301147461","34.79049301147461"
"114","34.77960968017578","34.77960968017578","34.77960968017578"
"115","34.79264450073242","34.79264450073242","34.79264450073242"
"116","34.8087272644043","34.8087272644043","34.8087272644043"
"117","34.81808853149414","34.81808853149414","34.81808853149414"
"118","34.83024597167969","34.83024597167969","34.83024597167969"
"119","34.82429504394531","34.82429504394531","34.82429504394531"
"120","34.80544662475586","34.80544662475586","34.80544662475586"
"121","34.813499450683594","34.813499450683594","34.813499450683594"
"122","34.817344665527344","34.817344665527344","34.817344665527344"
"123","34.816558837890625","34.816558837890625","34.816558837890625"
"124","34.80031204223633","34.80031204223633","34.80031204223633"
"125","34.831504821777344","34.831504821777344","34.831504821777344"
"126","34.83121109008789","34.83121109008789","34.83121109008789"
"127","34.8384895324707","34.8384895324707","34.8384895324707"
"128","34.8304328918457","34.8304328918457","34.8304328918457"
"129","34.82184600830078","34.82184600830078","34.82184600830078"
"130","34.828697204589844","34.828697204589844","34.828697204589844"
"131","34.832763671875","34.832763671875","34.832763671875"
"132","34.81766128540039","34.81766128540039","34.81766128540039"
"133","34.83906173706055","34.83906173706055","34.83906173706055"
"134","34.82603073120117","34.82603073120117","34.82603073120117"
"135","34.83245086669922","34.83245086669922","34.83245086669922"
"136","34.82265090942383","34.82265090942383","34.82265090942383"
"137","34.82705307006836","34.82705307006836","34.82705307006836"
"138","34.82695770263672","34.82695770263672","34.82695770263672"
"139","34.84790802001953","34.84790802001953","34.84790802001953"
"140","34.84523010253906","34.84523010253906","34.84523010253906"
"141","34.832698822021484","34.832698822021484","34.832698822021484"
"142","34.8529052734375","34.8529052734375","34.8529052734375"
"143","34.84016036987305","34.84016036987305","34.84016036987305"
"144","34.84348678588867","34.84348678588867","34.84348678588867"
"145","34.85311508178711","34.85311508178711","34.85311508178711"
"146","34.83271026611328","34.83271026611328","34.83271026611328"
"147","34.84165954589844","34.84165954589844","34.84165954589844"
"148","34.85379409790039","34.85379409790039","34.85379409790039"
"149","34.837284088134766","34.837284088134766","34.837284088134766"
"150","34.85872268676758","34.85872268676758","34.85872268676758"
"151","34.84218215942383","34.84218215942383","34.84218215942383"
"153","30.448654174804688","30.448654174804688","30.448654174804688"
"154","34.54206085205078","34.54206085205078","34.54206085205078"
"155","34.620567321777344","34.620567321777344","34.620567321777344"
"156","34.653282165527344","34.653282165527344","34.653282165527344"
"157","34.67365264892578","34.67365264892578","34.67365264892578"
"158","34.67706298828125","34.67706298828125","34.67706298828125"
"159","34.706809997558594","34.706809997558594","34.706809997558594"
"160","34.71419906616211","34.71419906616211","34.71419906616211"
"161","34.71322250366211","34.71322250366211","34.71322250366211"
"162","34.727664947509766","34.727664947509766","34.727664947509766"
"163","34.73280334472656","34.73280334472656","34.73280334472656"
"164","34.74112319946289","34.74112319946289","34.74112319946289"
"165","34.739505767822266","34.739505767822266","34.739505767822266"
"166","34.74619674682617","34.74619674682617","34.74619674682617"
"167","34.745445251464844","34.745445251464844","34.745445251464844"
"168","34.763916015625","34.763916015625","34.763916015625"
"169","34.75363540649414","34.75363540649414","34.75363540649414"
"170","34.74943542480469","34.74943542480469","34.74943542480469"
"171","34.75625991821289","34.75625991821289","34.75625991821289"
"172","34.76458740234375","34.76458740234375","34.76458740234375"
"173","34.757205963134766","34.757205963134766","34.757205963134766"
"174","34.769309997558594","34.769309997558594","34.769309997558594"
"175","34.76866149902344","34.76866149902344","34.76866149902344"
"176","34.75893020629883","34.75893020629883","34.75893020629883"
"177","34.768985748291016","34.768985748291016","34.768985748291016"
"178","34.772552490234375","34.772552490234375","34.772552490234375"
"179","34.771461486816406","34.771461486816406","34.771461486816406"
"180","34.761024475097656","34.761024475097656","34.761024475097656"
"181","34.77430725097656","34.77430725097656","34.77430725097656"
"182","34.76237487792969","34.76237487792969","34.76237487792969"
"183","34.76844787597656","34.76844787597656","34.76844787597656"
"184","34.772769927978516","34.772769927978516","34.772769927978516"
"185","34.775264739990234","34.775264739990234","34.775264739990234"
"186","34.78427505493164","34.78427505493164","34.78427505493164"
"187","34.774314880371094","34.774314880371094","34.774314880371094"
"188","34.77141189575195","34.77141189575195","34.77141189575195"
"189","34.785587310791016","34.785587310791016","34.785587310791016"
"190","34.77433395385742","34.77433395385742","34.77433395385742"
"191","34.78504180908203","34.78504180908203","34.78504180908203"
"192","34.77813720703125","34.77813720703125","34.77813720703125"
"193","34.773216247558594","34.773216247558594","34.773216247558594"
"194","34.785614013671875","34.785614013671875","34.785614013671875"
"195","34.769657135009766","34.769657135009766","34.769657135009766"
"196","34.78166580200195","34.78166580200195","34.78166580200195"
"197","34.789669036865234","34.789669036865234","34.789669036865234"
"198","34.78476333618164","34.78476333618164","34.78476333618164"
"199","34.78321838378906","34.78321838378906","34.78321838378906"
"200","34.78363037109375","34.78363037109375","34.78363037109375"
"201","34.78920364379883","34.78920364379883","34.78920364379883"
"202","34.78990173339844","34.78990173339844","34.78990173339844"
"204","30.554115295410156","30.554115295410156","30.554115295410156"
"205","34.42864990234375","34.42864990234375","34.42864990234375"
"206","34.51929473876953","34.51929473876953","34.51929473876953"
"207","34.55508804321289","34.55508804321289","34.55508804321289"
"208","34.569091796875","34.569091796875","34.569091796875"
"209","34.60517883300781","34.60517883300781","34.60517883300781"
"210","34.59303665161133","34.59303665161133","34.59303665161133"
"211","34.61708450317383","34.61708450317383","34.61708450317383"
"212","34.60641860961914","34.60641860961914","34.60641860961914"
"213","34.613975524902344","34.613975524902344","34.613975524902344"
"214","34.62022018432617","34.62022018432617","34.62022018432617"
"215","34.62515640258789","34.62515640258789","34.62515640258789"
"216","34.63437271118164","34.63437271118164","34.63437271118164"
"217","34.637821197509766","34.637821197509766","34.637821197509766"
"218","34.63287353515625","34.63287353515625","34.63287353515625"
"219","34.650020599365234","34.650020599365234","34.650020599365234"
"220","34.63646697998047","34.63646697998047","34.63646697998047"
"221","34.65167236328125","34.65167236328125","34.65167236328125"
"222","34.64512252807617","34.64512252807617","34.64512252807617"
"223","34.636043548583984","34.636043548583984","34.636043548583984"
"224","34.64291763305664","34.64291763305664","34.64291763305664"
"225","34.651039123535156","34.651039123535156","34.651039123535156"
"226","34.64306640625","34.64306640625","34.64306640625"
"227","34.65486145019531","34.65486145019531","34.65486145019531"
"228","34.640403747558594","34.640403747558594","34.640403747558594"
"229","34.6447868347168","34.6447868347168","34.6447868347168"
"230","34.63225173950195","34.63225173950195","34.63225173950195"
"231","34.65079116821289","34.65079116821289","34.65079116821289"
"232","34.64933395385742","34.64933395385742","34.64933395385742"
"233","34.653316497802734","34.653316497802734","34.653316497802734"
"234","34.65583038330078","34.65583038330078","34.65583038330078"
"235","34.65228271484375","34.65228271484375","34.65228271484375"
"236","34.645320892333984","34.645320892333984","34.645320892333984"
"237","34.6533088684082","34.6533088684082","34.6533088684082"
"238","34.66413116455078","34.66413116455078","34.66413116455078"
"239","34.6568717956543","34.6568717956543","34.6568717956543"
"240","34.65321350097656","34.65321350097656","34.65321350097656"
"241","34.65646743774414","34.65646743774414","34.65646743774414"
"242","34.66551971435547","34.66551971435547","34.66551971435547"
"243","34.66325378417969","34.66325378417969","34.66325378417969"
"244","34.66115951538086","34.66115951538086","34.66115951538086"
"245","34.663848876953125","34.663848876953125","34.663848876953125"
"246","34.66469955444336","34.66469955444336","34.66469955444336"
"247","34.66641616821289","34.66641616821289","34.66641616821289"
"248","34.65424728393555","34.65424728393555","34.65424728393555"
"249","34.66826629638672","34.66826629638672","34.66826629638672"
"250","34.66245651245117","34.66245651245117","34.66245651245117"
"251","34.66845703125","34.66845703125","34.66845703125"
"252","34.66876220703125","34.66876220703125","34.66876220703125"
"253","34.670379638671875","34.670379638671875","34.670379638671875"
"255","30.381210327148438","30.381210327148438","30.381210327148438"
"256","34.40184783935547","34.40184783935547","34.40184783935547"
"257","34.466068267822266","34.466068267822266","34.466068267822266"
"258","34.495487213134766","34.495487213134766","34.495487213134766"
"259","34.524749755859375","34.524749755859375","34.524749755859375"
"260","34.53102493286133","34.53102493286133","34.53102493286133"
"261","34.53333282470703","34.53333282470703","34.53333282470703"
"262","34.528892517089844","34.528892517089844","34.528892517089844"
"263","34.54254913330078","34.54254913330078","34.54254913330078"
"264","34.543212890625","34.543212890625","34.543212890625"
"265","34.55967330932617","34.55967330932617","34.55967330932617"
"266","34.56351852416992","34.56351852416992","34.56351852416992"
"267","34.562217712402344","34.562217712402344","34.562217712402344"
"268","34.56482696533203","34.56482696533203","34.56482696533203"
"269","34.554691314697266","34.554691314697266","34.554691314697266"
"270","34.576927185058594","34.576927185058594","34.576927185058594"
"271","34.5837287902832","34.5837287902832","34.5837287902832"
"272","34.585662841796875","34.585662841796875","34.585662841796875"
"273","34.59458541870117","34.59458541870117","34.59458541870117"
"274","34.58014678955078","34.58014678955078","34.58014678955078"
"275","34.58221435546875","34.58221435546875","34.58221435546875"
"276","34.58942413330078","34.58942413330078","34.58942413330078"
"277","34.57948684692383","34.57948684692383","34.57948684692383"
"278","34.575111389160156","34.575111389160156","34.575111389160156"
"279","34.595027923583984","34.595027923583984","34.595027923583984"
"280","34.60211181640625","34.60211181640625","34.60211181640625"
"281","34.593509674072266","34.593509674072266","34.593509674072266"
"282","34.59066390991211","34.59066390991211","34.59066390991211"
"283","34.58633041381836","34.58633041381836","34.58633041381836"
"284","34.59796905517578","34.59796905517578","34.59796905517578"
"285","34.59246826171875","34.59246826171875","34.59246826171875"
"286","34.60992431640625","34.60992431640625","34.60992431640625"
"287","34.60127258300781","34.60127258300781","34.60127258300781"
"288","34.59187316894531","34.59187316894531","34.59187316894531"
"289","34.599002838134766","34.599002838134766","34.599002838134766"
"290","34.59145736694336","34.59145736694336","34.59145736694336"
"291","34.59347915649414","34.59347915649414","34.59347915649414"
"292","34.59775161743164","34.59775161743164","34.59775161743164"
"293","34.59882736206055","34.59882736206055","34.59882736206055"
"294","34.60541534423828","34.60541534423828","34.60541534423828"
"295","34.611244201660156","34.611244201660156","34.611244201660156"
"296","34.5908088684082","34.5908088684082","34.5908088684082"
"297","34.61217498779297","34.61217498779297","34.61217498779297"
"298","34.60386657714844","34.60386657714844","34.60386657714844"
"299","34.60987091064453","34.60987091064453","34.60987091064453"
"300","34.599464416503906","34.599464416503906","34.599464416503906"
"301","34.59910583496094","34.59910583496094","34.59910583496094"
"302","34.610107421875","34.610107421875","34.610107421875"
"303","34.60905075073242","34.60905075073242","34.60905075073242"
"304","34.6024169921875","34.6024169921875","34.6024169921875"
"306","30.4258975982666","30.4258975982666","30.4258975982666"
"307","34.310577392578125","34.310577392578125","34.310577392578125"
"308","34.377864837646484","34.377864837646484","34.377864837646484"
"309","34.42909240722656","34.42909240722656","34.42909240722656"
"310","34.4288444519043","34.4288444519043","34.4288444519043"
"311","34.4692497253418","34.4692497253418","34.4692497253418"
"312","34.46090316772461","34.46090316772461","34.46090316772461"
"313","34.46205520629883","34.46205520629883","34.46205520629883"
"314","34.4661750793457","34.4661750793457","34.4661750793457"
"315","34.48130416870117","34.48130416870117","34.48130416870117"
"316","34.482696533203125","34.482696533203125","34.482696533203125"
"317","34.48934555053711","34.48934555053711","34.48934555053711"
"318","34.46666717529297","34.46666717529297","34.46666717529297"
"319","34.490989685058594","34.490989685058594","34.490989685058594"
"320","34.49794006347656","34.49794006347656","34.49794006347656"
"321","34.49752426147461","34.49752426147461","34.49752426147461"
"322","34.500797271728516","34.500797271728516","34.500797271728516"
"323","34.481868743896484","34.481868743896484","34.481868743896484"
"324","34.50345230102539","34.50345230102539","34.50345230102539"
"325","34.49481201171875","34.49481201171875","34.49481201171875"
"326","34.51197052001953","34.51197052001953","34.51197052001953"
"327","34.50651931762695","34.50651931762695","34.50651931762695"
"328","34.50284957885742","34.50284957885742","34.50284957885742"
"329","34.50904846191406","34.50904846191406","34.50904846191406"
"330","34.50725173950195","34.50725173950195","34.50725173950195"
"331","34.50130844116211","34.50130844116211","34.50130844116211"
"332","34.51057434082031","34.51057434082031","34.51057434082031"
"333","34.51095962524414","34.51095962524414","34.51095962524414"
"334","34.5218391418457","34.5218391418457","34.5218391418457"
"335","34.52011489868164","34.52011489868164","34.52011489868164"
"336","34.51832580566406","34.51832580566406","34.51832580566406"
"337","34.52063751220703","34.52063751220703","34.52063751220703"
"338","34.517086029052734","34.517086029052734","34.517086029052734"
"339","34.51986312866211","34.51986312866211","34.51986312866211"
"340","34.52042007446289","34.52042007446289","34.52042007446289"
"341","34.524620056152344","34.524620056152344","34.524620056152344"
"342","34.510009765625","34.510009765625","34.510009765625"
"343","34.50067901611328","34.50067901611328","34.50067901611328"
"344","34.517757415771484","34.517757415771484","34.517757415771484"
"345","34.50578308105469","34.50578308105469","34.50578308105469"
"346","34.52698516845703","34.52698516845703","34.52698516845703"
"347","34.522342681884766","34.522342681884766","34.522342681884766"
"348","34.505916595458984","34.505916595458984","34.505916595458984"
"349","34.5220832824707","34.5220832824707","34.5220832824707"
"350","34.51412582397461","34.51412582397461","34.51412582397461"
"351","34.52170181274414","34.52170181274414","34.52170181274414"
"352","34.526912689208984","34.526912689208984","34.526912689208984"
"353","34.5162239074707","34.5162239074707","34.5162239074707"
"354","34.51694107055664","34.51694107055664","34.51694107055664"
"355","34.52980422973633","34.52980422973633","34.52980422973633"
"357","30.752328872680664","30.752328872680664","30.752328872680664"
"358","34.30893325805664","34.30893325805664","34.30893325805664"
"359","34.38566207885742","34.38566207885742","34.38566207885742"
"360","34.400413513183594","34.400413513183594","34.400413513183594"
"361","34.4149055480957","34.4149055480957","34.4149055480957"
"362","34.39616012573242","34.39616012573242","34.39616012573242"
"363","34.41448974609375","34.41448974609375","34.41448974609375"
"364","34.43202590942383","34.43202590942383","34.43202590942383"
"365","34.42732238769531","34.42732238769531","34.42732238769531"
"366","34.440242767333984","34.440242767333984","34.440242767333984"
"367","34.44121551513672","34.44121551513672","34.44121551513672"
"368","34.44636917114258","34.44636917114258","34.44636917114258"
"369","34.44390869140625","34.44390869140625","34.44390869140625"
"370","34.454559326171875","34.454559326171875","34.454559326171875"
"371","34.43784713745117","34.43784713745117","34.43784713745117"
"372","34.46162414550781","34.46162414550781","34.46162414550781"
"373","34.46139144897461","34.46139144897461","34.46139144897461"
"374","34.46059036254883","34.46059036254883","34.46059036254883"
"375","34.462074279785156","34.462074279785156","34.462074279785156"
"376","34.464988708496094","34.464988708496094","34.464988708496094"
"377","34.463741302490234","34.463741302490234","34.463741302490234"
"378","34.464839935302734","34.464839935302734","34.464839935302734"
"379","34.4727668762207","34.4727668762207","34.4727668762207"
"380","34.46615982055664","34.46615982055664","34.46615982055664"
"381","34.48258590698242","34.48258590698242","34.48258590698242"
"382","34.473384857177734","34.473384857177734","34.473384857177734"
"383","34.481319427490234","34.481319427490234","34.481319427490234"
"384","34.476688385009766","34.476688385009766","34.476688385009766"
"385","34.47978591918945","34.47978591918945","34.47978591918945"
"386","34.481956481933594","34.481956481933594","34.481956481933594"
"387","34.481605529785156","34.481605529785156","34.481605529785156"
"388","34.48059844970703","34.48059844970703","34.48059844970703"
"389","34.48566436767578","34.48566436767578","34.48566436767578"
"390","34.48352813720703","34.48352813720703","34.48352813720703"
"391","34.482749938964844","34.482749938964844","34.482749938964844"
"392","34.481239318847656","34.481239318847656","34.481239318847656"
"393","34.48298263549805","34.48298263549805","34.48298263549805"
"394","34.48593521118164","34.48593521118164","34.48593521118164"
"395","34.472808837890625","34.472808837890625","34.472808837890625"
"396","34.491661071777344","34.491661071777344","34.491661071777344"
"397","34.487571716308594","34.487571716308594","34.487571716308594"
"398","34.478355407714844","34.478355407714844","34.478355407714844"
"399","34.486366271972656","34.486366271972656","34.486366271972656"
"400","34.486061096191406","34.486061096191406","34.486061096191406"
"401","34.481292724609375","34.481292724609375","34.481292724609375"
"402","34.49029541015625","34.49029541015625","34.49029541015625"
"403","34.49009704589844","34.49009704589844","34.49009704589844"
"404","34.48232650756836","34.48232650756836","34.48232650756836"
"405","34.49085998535156","34.49085998535156","34.49085998535156"
"406","34.48814010620117","34.48814010620117","34.48814010620117"
"408","30.807674407958984","30.807674407958984","30.807674407958984"
"409","34.00987243652344","34.00987243652344","34.00987243652344"
"410","34.13727569580078","34.13727569580078","34.13727569580078"
"411","34.15568542480469","34.15568542480469","34.15568542480469"
"412","34.193748474121094","34.193748474121094","34.193748474121094"
"413","34.1815185546875","34.1815185546875","34.1815185546875"
"414","34.19707489013672","34.19707489013672","34.19707489013672"
"415","34.20998764038086","34.20998764038086","34.20998764038086"
"416","34.204002380371094","34.204002380371094","34.204002380371094"
"417","34.212711334228516","34.212711334228516","34.212711334228516"
"418","34.22222137451172","34.22222137451172","34.22222137451172"
"419","34.222801208496094","34.222801208496094","34.222801208496094"
"420","34.23027420043945","34.23027420043945","34.23027420043945"
"421","34.22402572631836","34.22402572631836","34.22402572631836"
"422","34.22931671142578","34.22931671142578","34.22931671142578"
"423","34.23411178588867","34.23411178588867","34.23411178588867"
"424","34.197933197021484","34.197933197021484","34.197933197021484"
"425","34.222904205322266","34.222904205322266","34.222904205322266"
"426","34.235435485839844","34.235435485839844","34.235435485839844"
"427","34.22500228881836","34.22500228881836","34.22500228881836"
"428","34.22916793823242","34.22916793823242","34.22916793823242"
"429","34.2362060546875","34.2362060546875","34.2362060546875"
"430","34.24103546142578","34.24103546142578","34.24103546142578"
"431","34.22886276245117","34.22886276245117","34.22886276245117"
"432","34.24170684814453","34.24170684814453","34.24170684814453"
"433","34.2435188293457","34.2435188293457","34.2435188293457"
"434","34.24911880493164","34.24911880493164","34.24911880493164"
"435","34.24143600463867","34.24143600463867","34.24143600463867"
"436","34.24456787109375","34.24456787109375","34.24456787109375"
"437","34.248836517333984","34.248836517333984","34.248836517333984"
"438","34.24445343017578","34.24445343017578","34.24445343017578"
"439","34.23998260498047","34.23998260498047","34.23998260498047"
"440","34.24139404296875","34.24139404296875","34.24139404296875"
"441","34.25117492675781","34.25117492675781","34.25117492675781"
"442","34.24704360961914","34.24704360961914","34.24704360961914"
"443","34.240291595458984","34.240291595458984","34.240291595458984"
"444","34.237571716308594","34.237571716308594","34.237571716308594"
"445","34.24794006347656","34.24794006347656","34.24794006347656"
"446","34.24908447265625","34.24908447265625","34.24908447265625"
"447","34.25089645385742","34.25089645385742","34.25089645385742"
"448","34.2515754699707","34.2515754699707","34.2515754699707"
"449","34.25895690917969","34.25895690917969","34.25895690917969"
"450","34.25254821777344","34.25254821777344","34.25254821777344"
"451","34.25148010253906","34.25148010253906","34.25148010253906"
"452","34.252132415771484","34.252132415771484","34.252132415771484"
"453","34.24794006347656","34.24794006347656","34.24794006347656"
"454","34.26287078857422","34.26287078857422","34.26287078857422"
"455","34.254512786865234","34.254512786865234","34.254512786865234"
"456","34.24927520751953","34.24927520751953","34.24927520751953"
"457","34.24424362182617","34.24424362182617","34.24424362182617"
"459","30.7700252532959","30.7700252532959","30.7700252532959"
"460","33.84788513183594","33.84788513183594","33.84788513183594"
"461","33.99430465698242","33.99430465698242","33.99430465698242"
"462","34.0218391418457","34.0218391418457","34.0218391418457"
"463","34.02939224243164","34.02939224243164","34.02939224243164"
"464","34.04439926147461","34.04439926147461","34.04439926147461"
"465","34.07149887084961","34.07149887084961","34.07149887084961"
"466","34.06973648071289","34.06973648071289","34.06973648071289"
"467","34.09360885620117","34.09360885620117","34.09360885620117"
"468","34.09194564819336","34.09194564819336","34.09194564819336"
"469","34.0999755859375","34.0999755859375","34.0999755859375"
"470","34.06884765625","34.06884765625","34.06884765625"
"471","34.10805892944336","34.10805892944336","34.10805892944336"
"472","34.10342025756836","34.10342025756836","34.10342025756836"
"473","34.12016296386719","34.12016296386719","34.12016296386719"
"474","34.09669494628906","34.09669494628906","34.09669494628906"
"475","34.120052337646484","34.120052337646484","34.120052337646484"
"476","34.11801528930664","34.11801528930664","34.11801528930664"
"477","34.103111267089844","34.103111267089844","34.103111267089844"
"478","34.12235641479492","34.12235641479492","34.12235641479492"
"479","34.1326904296875","34.1326904296875","34.1326904296875"
"480","34.12385559082031","34.12385559082031","34.12385559082031"
"481","34.11407470703125","34.11407470703125","34.11407470703125"
"482","34.128662109375","34.128662109375","34.128662109375"
"483","34.11700439453125","34.11700439453125","34.11700439453125"
"484","34.12864303588867","34.12864303588867","34.12864303588867"
"485","34.10327911376953","34.10327911376953","34.10327911376953"
"486","34.12493896484375","34.12493896484375","34.12493896484375"
"487","34.137474060058594","34.137474060058594","34.137474060058594"
"488","34.09682846069336","34.09682846069336","34.09682846069336"
"489","34.12926483154297","34.12926483154297","34.12926483154297"
"490","34.14529800415039","34.14529800415039","34.14529800415039"
"491","34.14830017089844","34.14830017089844","34.14830017089844"
"492","34.14386749267578","34.14386749267578","34.14386749267578"
"493","34.131282806396484","34.131282806396484","34.131282806396484"
"494","34.14205551147461","34.14205551147461","34.14205551147461"
"495","34.144954681396484","34.144954681396484","34.144954681396484"
"496","34.13654327392578","34.13654327392578","34.13654327392578"
"497","34.14071273803711","34.14071273803711","34.14071273803711"
"498","34.146732330322266","34.146732330322266","34.146732330322266"
"499","34.15556335449219","34.15556335449219","34.15556335449219"
"500","34.14100646972656","34.14100646972656","34.14100646972656"
"501","34.14161682128906","34.14161682128906","34.14161682128906"
"502","34.144775390625","34.144775390625","34.144775390625"
"503","34.1439208984375","34.1439208984375","34.1439208984375"
"504","34.1544189453125","34.1544189453125","34.1544189453125"
"505","34.15177536010742","34.15177536010742","34.15177536010742"
"506","34.15317916870117","34.15317916870117","34.15317916870117"
"507","34.1440315246582","34.1440315246582","34.1440315246582"
"508","34.143798828125","34.143798828125","34.143798828125"
"510","30.754106521606445","30.754106521606445","30.754106521606445"
"511","33.77303695678711","33.77303695678711","33.77303695678711"
"512","33.88764190673828","33.88764190673828","33.88764190673828"
"513","33.95470428466797","33.95470428466797","33.95470428466797"
"514","33.9365234375","33.9365234375","33.9365234375"
"515","33.97949981689453","33.97949981689453","33.97949981689453"
"516","33.97783279418945","33.97783279418945","33.97783279418945"
"517","33.98236083984375","33.98236083984375","33.98236083984375"
"518","34.011253356933594","34.011253356933594","34.011253356933594"
"519","33.998626708984375","33.998626708984375","33.998626708984375"
"520","34.01654815673828","34.01654815673828","34.01654815673828"
"521","34.020057678222656","34.020057678222656","34.020057678222656"
"522","34.020015716552734","34.020015716552734","34.020015716552734"
"523","34.02031707763672","34.02031707763672","34.02031707763672"
"524","34.03557586669922","34.03557586669922","34.03557586669922"
"525","34.04124069213867","34.04124069213867","34.04124069213867"
"526","34.03934097290039","34.03934097290039","34.03934097290039"
"527","34.0445442199707","34.0445442199707","34.0445442199707"
"528","34.03623580932617","34.03623580932617","34.03623580932617"
"529","34.04685592651367","34.04685592651367","34.04685592651367"
"530","34.04722213745117","34.04722213745117","34.04722213745117"
"531","34.0451545715332","34.0451545715332","34.0451545715332"
"532","34.05389404296875","34.05389404296875","34.05389404296875"
"533","34.0631103515625","34.0631103515625","34.0631103515625"
"534","34.0489387512207","34.0489387512207","34.0489387512207"
"535","34.07025909423828","34.07025909423828","34.07025909423828"
"536","34.063350677490234","34.063350677490234","34.063350677490234"
"537","34.06309127807617","34.06309127807617","34.06309127807617"
"538","34.07076644897461","34.07076644897461","34.07076644897461"
"539","34.04103088378906","34.04103088378906","34.04103088378906"
"540","34.05995178222656","34.05995178222656","34.05995178222656"
"541","34.06644058227539","34.06644058227539","34.06644058227539"
"542","34.07639694213867","34.07639694213867","34.07639694213867"
"543","34.08095932006836","34.08095932006836","34.08095932006836"
"544","34.07697296142578","34.07697296142578","34.07697296142578"
"545","34.08418273925781","34.08418273925781","34.08418273925781"
"546","34.0765380859375","34.0765380859375","34.0765380859375"
"547","34.08236312866211","34.08236312866211","34.08236312866211"
"548","34.088741302490234","34.088741302490234","34.088741302490234"
"549","34.09001159667969","34.09001159667969","34.09001159667969"
"550","34.09124755859375","34.09124755859375","34.09124755859375"
"551","34.061866760253906","34.061866760253906","34.061866760253906"
"552","34.0888671875","34.0888671875","34.0888671875"
"553","34.05781555175781","34.05781555175781","34.05781555175781"
"554","34.085208892822266","34.085208892822266","34.085208892822266"
"555","34.06207275390625","34.06207275390625","34.06207275390625"
"556","34.094322204589844","34.094322204589844","34.094322204589844"
"557","34.07572555541992","34.07572555541992","34.07572555541992"
"558","34.06831741333008","34.06831741333008","34.06831741333008"
"559","34.0928955078125","34.0928955078125","34.0928955078125"
"561","30.76724624633789","30.76724624633789","30.76724624633789"
"562","33.66426086425781","33.66426086425781","33.66426086425781"
"563","33.78803634643555","33.78803634643555","33.78803634643555"
"564","33.912071228027344","33.912071228027344","33.912071228027344"
"565","33.9197998046875","33.9197998046875","33.9197998046875"
"566","33.93914031982422","33.93914031982422","33.93914031982422"
"567","33.95510482788086","33.95510482788086","33.95510482788086"
"568","33.9619140625","33.9619140625","33.9619140625"
"569","33.97364807128906","33.97364807128906","33.97364807128906"
"570","33.97683334350586","33.97683334350586","33.97683334350586"
"571","33.989845275878906","33.989845275878906","33.989845275878906"
"572","33.98133087158203","33.98133087158203","33.98133087158203"
"573","33.979923248291016","33.979923248291016","33.979923248291016"
"574","33.999717712402344","33.999717712402344","33.999717712402344"
"575","33.96282196044922","33.96282196044922","33.96282196044922"
"576","33.97605514526367","33.97605514526367","33.97605514526367"
"577","33.99623107910156","33.99623107910156","33.99623107910156"
"578","34.00440216064453","34.00440216064453","34.00440216064453"
"579","34.00770950317383","34.00770950317383","34.00770950317383"
"580","34.01459884643555","34.01459884643555","34.01459884643555"
"581","34.01947784423828","34.01947784423828","34.01947784423828"
"582","34.00802993774414","34.00802993774414","34.00802993774414"
"583","34.01814270019531","34.01814270019531","34.01814270019531"
"584","34.015380859375","34.015380859375","34.015380859375"
"585","34.02862548828125","34.02862548828125","34.02862548828125"
"586","34.00994110107422","34.00994110107422","34.00994110107422"
"587","34.032073974609375","34.032073974609375","34.032073974609375"
"588","34.011898040771484","34.011898040771484","34.011898040771484"
"589","34.032073974609375","34.032073974609375","34.032073974609375"
"590","34.03091812133789","34.03091812133789","34.03091812133789"
"591","33.99110412597656","33.99110412597656","33.99110412597656"
"592","34.031700134277344","34.031700134277344","34.031700134277344"
"593","34.041770935058594","34.041770935058594","34.041770935058594"
"594","33.98385238647461","33.98385238647461","33.98385238647461"
"595","34.03495407104492","34.03495407104492","34.03495407104492"
"596","34.0412483215332","34.0412483215332","34.0412483215332"
"597","34.0402946472168","34.0402946472168","34.0402946472168"
"598","34.03466033935547","34.03466033935547","34.03466033935547"
"599","34.04050827026367","34.04050827026367","34.04050827026367"
"600","34.0385627746582","34.0385627746582","34.0385627746582"
"601","34.04351043701172","34.04351043701172","34.04351043701172"
"602","34.01601791381836","34.01601791381836","34.01601791381836"
"603","34.03371810913086","34.03371810913086","34.03371810913086"
"604","34.05181121826172","34.05181121826172","34.05181121826172"
"605","34.050262451171875","34.050262451171875","34.050262451171875"
"606","34.05458068847656","34.05458068847656","34.05458068847656"
"607","34.04954147338867","34.04954147338867","34.04954147338867"
"608","34.06013488769531","34.06013488769531","34.06013488769531"
"609","34.0494384765625","34.0494384765625","34.0494384765625"
"610","34.054141998291016","34.054141998291016","34.054141998291016"